lon;lat;species;cells;BO_calcite;BO_salinity;BO_ph;BO_sstmean;BO_sstrange;BO2_chlomean_bdmax;sp
-80.172117;25.744931;Ophiothela mirabilis;616078;0.009471;36.10900116;8.211000443;26.5720005;8.829000473;0.091686524;1
-80.155289;25.725575;Ophiothela mirabilis;616079;0.004626;36.10400009;8.211000443;26.67900085;7.382999897;0.114228077;1
-80.108067;26.040825;Ophiothela mirabilis;601679;0.000224;36.10300064;8.210000038;26.66900063;6.804999828;0.145020753;1
-61.2661;13.1783;Ophiothela mirabilis;1156305;6.50E-05;34.97399902;8.152999878;28.28300095;2.704999924;0.00447175;1
-60.858361;14.775722;Ophiothela mirabilis;1087910;0.000483;34.87599945;8.180999756;27.95499992;3.038000107;0.006009276;1
-60.856028;14.685417;Ophiothela mirabilis;1091510;0.000274;34.86700058;8.180999756;28.01600075;3.207999945;0.139435753;1
-60.8411;11.1553;Ophiothela mirabilis;1246310;0.000496;35.26800156;8.069000244;28.20999908;3.062999964;0.329809278;1
-60.809528;14.645222;Ophiothela mirabilis;1095111;7.40E-05;34.85499954;8.180000305;27.91900063;3.051000118;0.007461885;1
-60.5186;11.3007;Ophiothela mirabilis;1239114;9.50E-05;35.16500092;8.086999893;28.13500023;3.253000021;0.177260995;1
-51.9586;4.9268;Ophiothela mirabilis;1512817;0.0103;28.8409996;8.069999695;28.35000038;1.812999964;0.37716642;1
-48.6376;-26.2334;Ophiothela mirabilis;2859257;0.0066;34.87599945;8.059000015;23.80200005;8.215999603;0.372920752;1
-48.5227;-26.3838;Ophiothela mirabilis;2866458;0.003582;34.94499969;8.059000015;23.2670002;7.848999977;0.362157524;1
-48.406306;-25.413806;Ophiothela mirabilis;2823260;0.009849;34.87900162;8.059000015;24.80599976;8.052000046;0.068120524;1
-48.368007;-25.73501;Ophiothela mirabilis;2837660;0.003419;34.94499969;8.06000042;23.68400002;7.774000168;0.34104383;1
-48.3669;-27.293;Ophiothela mirabilis;2906060;0.002393;35.16600037;8.065999985;22.39299965;7.616000175;1.153645992;1
-48.364339;-25.551974;Ophiothela mirabilis;2830460;0.008074;34.91500092;8.06000042;24.3409996;9.406999588;0.346138984;1
-48.333485;-25.783381;Ophiothela mirabilis;2841260;0.002367;34.95899963;8.06000042;23.62100029;7.822999954;0.547134101;1
-48.3206;-25.583;Ophiothela mirabilis;2830461;0.01116;34.9640007;8.06000042;23.9090004;7.649000168;1.045962572;1
-46.296293;-24.025718;Ophiothela mirabilis;2765685;0.007059;35.40800095;8.05700016;24.49600029;6.467000008;1.642854929;1
-45.402778;-23.822222;Ophiothela mirabilis;2754896;0.00452;35.57699966;8.05700016;24.92000008;8.460000038;0.742389202;1
-44.659382;-0.606031;Ophiothela mirabilis;1754105;0.000192;35.68099976;7.875;27.86700058;1.746999979;0.086915836;1
-44.236067;-23.083403;Ophiothela mirabilis;2726110;0.001214;35.47700119;8.069000244;24.9260006;5.489999771;0.159967795;1
-44.1542;-23.1344;Ophiothela mirabilis;2726111;0.001435;35.50099945;8.072999954;24.51300049;4.778999805;1.022013545;1
-43.0854;-22.9856;Ophiothela mirabilis;2718923;0.001746;35.5379982;8.107000351;24.20000076;3.602999926;0.282173336;1
-42;-22.976389;Ophiothela mirabilis;2718937;0.001185;35.69400024;8.135000229;23.6420002;4.40500021;0.345022291;1
-40.250217;-20.354489;Ophiothela mirabilis;2607357;0.005089;36.40100098;8.041000366;24.37599945;3.243999958;0.194640338;1
-38.783333;-3.53333;Ophiothela mirabilis;1880175;0.008311;36.29499817;8.126999855;28.26799965;2.822999954;0.068007715;1
-38.5329;-13.0093;Ophiothela mirabilis;2290578;0.001658;37.10900116;8.074000359;26.95700073;3.444000006;0.02380635;1
-34.8349;-8.0803;Ophiothela mirabilis;2074622;0.004096;36.73699951;8.147999763;28.14900017;3.252000093;0.089968383;1
-62.631111;17.228333;Ophiothela mirabilis;983489;0.000174;35.20000076;8.196000099;27.71999931;2.974999905;0.040409509;1
-83.740965;9.112481;Ophiothela mirabilis;1332436;0.003254;32.26300049;8.055000305;30.03800011;2.025000095;0.433181852;1
-83.756954;9.144282;Ophiothela mirabilis;1332435;0.002684;32.29299927;8.05700016;29.75399971;1.771999955;0.305557996;1
-83.622778;8.783056;Ophiothela mirabilis;1346837;0.0032;32.13800049;8.052000046;29.79299927;2.467000008;0.466404408;1
-77.690997;6.830393;Ophiothela mirabilis;1433308;0.000409;30.24900055;7.991000175;28.05699921;1.753999949;0.004483283;1
-77.540438;6.688638;Ophiothela mirabilis;1436910;0.000672;30.15999985;7.988999844;28.47400093;1.791000009;0.058812976;1
-77.500796;6.645237;Ophiothela mirabilis;1440510;0.000469;30.16900063;7.986999989;28.16500092;1.733999968;0.023015086;1
-77.435885;6.69729;Ophiothela mirabilis;1436911;0.00141;30.14800072;7.987999916;28.37199974;1.858999968;0.420642048;1
-77.47497;6.304344;Ophiothela mirabilis;1454911;0.000394;30.15299988;7.979000092;28.21299934;1.947000027;0.135450765;1
-77.309527;5.894226;Ophiothela mirabilis;1472913;0.001087;30.07900047;7.96999979;28.70999908;1.907999992;0.005653203;1
-77.297632;5.826319;Ophiothela mirabilis;1476513;0.002293;30.1760006;7.960999966;28.37800026;1.348999977;0.004361552;1
-77.386634;5.628093;Ophiothela mirabilis;1483712;0.001471;30.13599968;7.96600008;28.42900085;1.062000036;0.004374598;1
-77.487622;5.616987;Ophiothela mirabilis;1483711;0.000844;30.27899933;7.960000038;28.26799965;1.18900001;0.004462351;1
-77.533828;5.496468;Ophiothela mirabilis;1490910;0.003901;30.33200073;7.958000183;28.21800041;1.394000053;0.004361771;1
-101.622364;17.653881;Ophiothela mirabilis;965021;0.000416;34.24700165;8.244000435;29.0170002;4.40500021;0.015878741;1
-101.523956;17.620644;Ophiothela mirabilis;965022;0.000481;34.24499893;8.244000435;28.90999985;4.493000031;0.275404304;1
-101.490722;17.532897;Ophiothela mirabilis;968623;0.000209;34.24000168;8.243000031;29.04000092;4.335000038;0.081947453;1
-77.322209;3.966104;Ophiothela mirabilis;1555713;0.008524;30.12000084;7.964000225;28.58600044;2.635999918;0.397949427;1
-78.207345;2.94774;Ophiothela mirabilis;1598902;0.001138;31.00300026;7.986000061;27.54800034;1.279999971;0.004364579;1
-81.598485;4.004601;Ophiothela mirabilis;1552061;0.000217;32.1269989;8.003000259;26.94300079;1.41900003;0.004361333;1
-105.107778;19.556667;Ophiothela mirabilis;882179;0.000526;34.25600052;8.26099968;27.9829998;5.75;0.379095286;1
-103.519167;18.3525;Ophiothela mirabilis;932598;0.000556;34.29100037;8.251999855;28.50300026;5.044000149;0.004360296;1
-99.912222;16.823056;Ophiothela mirabilis;1001042;0.001158;34.22200012;8.236000061;29.36000061;4.126999855;0.077850796;1
-96.477222;15.673333;Ophiothela mirabilis;1047883;0.000321;34.27099991;8.220000267;28.98500061;3.907999992;0.264899224;1
-96.236944;15.687222;Ophiothela mirabilis;1047886;0.00039;34.27399826;8.218000412;28.87599945;3.801000118;0.01065705;1
-96.143611;15.736389;Ophiothela mirabilis;1047887;0.000424;34.27399826;8.218000412;28.84000015;3.890000105;0.004358342;1
-96.059722;15.780833;Ophiothela mirabilis;1044288;0.000562;34.28300095;8.218000412;28.83499908;3.648000002;0.367480069;1
-104.304444;19.059167;Ophiothela mirabilis;903789;0.000359;34.29700089;8.256999969;29.00200081;7.063000202;0.354751974;1
-81.594444;3.851944;Ophiothela mirabilis;1559261;0.000229;32.18199921;8.005000114;26.84799957;1.197000027;0.004361333;1
-105.399639;20.733306;Ophiothela mirabilis;831776;0.00204;34.20399857;8.269000053;27.48800087;7.230999947;0.024425896;1
-105.563917;20.703917;Ophiothela mirabilis;831774;0.000811;34.21300125;8.269000053;27.19799995;7.27699995;0.00970765;1
-105.292997;20.545786;Ophiothela mirabilis;838977;0.000923;34.19599915;8.267999649;27.95400047;7.081999779;0.004365267;1
-105.392997;20.506517;Ophiothela mirabilis;838976;0.00082;34.20100021;8.267999649;27.55599976;6.93599987;0.004361335;1
-104.738336;19.238414;Ophiothela mirabilis;896584;0.000338;34.2859993;8.258999825;27.95299911;5.473999977;0.338893294;1
-104.755928;19.23125;Ophiothela mirabilis;896583;0.000345;34.2840004;8.258999825;27.95499992;5.93200016;0.037254173;1
-104.351842;19.104997;Ophiothela mirabilis;900188;0.000351;34.29399872;8.258000374;28.24099922;5.822000027;0.265341371;1
-104.435344;19.09675;Ophiothela mirabilis;900187;0.000341;34.29299927;8.258000374;28.92900085;4.144000053;0.230750635;1
-80.788533;-1.93395;Ophiothela mirabilis;1811271;0.000928;34.00600052;8.119000435;24.84199905;4.025000095;0.396573246;1
52.414704;25.668374;Ophiothela mirabilis;617669;0.000822;37.19599915;8.133999825;27.31200027;13.54699993;0.188052997;1
30.458333;-30.783333;Ophiothela mirabilis;3058206;0.000637;35.39899826;8.234000206;23.50799942;5.236000061;0.327182531;1
103.9924;1.4022;Ophiothela mirabilis;1669488;0.007705;32.91600037;7.706999779;30.84399986;5.828999996;0.33302629;1
103.935467;1.429;Ophiothela mirabilis;1665888;0.008288;32.9109993;7.717000008;30.77000046;3.536999941;0.334631115;1
104.079583;1.422367;Ophiothela mirabilis;1665889;0.008602;32.91699982;7.728000164;31.50399971;3.148999929;0.312323093;1
103.6307;1.329517;Ophiothela mirabilis;1673084;0.012246;32.89599991;7.649000168;31.04899979;5.775000095;0.414828181;1
151.90176;7.47795;Ophiothela mirabilis;1407263;0.000299;34.0929985;8.18900013;29.45199966;1.764999986;0.102982111;1
167.116667;-20.783333;Ophiothela mirabilis;2627846;8.80E-05;35.38000107;8.279000282;25.92700005;4.460999966;0.221051127;1
167.016667;-20.75;Ophiothela mirabilis;2627845;6.50E-05;35.35800171;8.277999878;25.9279995;4.517000198;0.004361324;1
167.033333;-20.9;Ophiothela mirabilis;2631445;6.50E-05;35.36700058;8.277999878;25.97500038;4.531000137;0.004361323;1
34.98300171;-24.79999924;Ophiothela mirabilis;2799060;0.000469;35.24599838;8.239999771;25.13299942;5.505000114;0.377553999;1
132.088;-11.0533;Ophiothela mirabilis;2206226;0.007056;34.26300049;8.210000038;28.97400093;5.925000191;0.132733002;1
127.8766708;26.50667;Ophiothela mirabilis;582575;0.000131;34.46900177;8.241999626;25.22500038;7.729000092;0.017227422;1
98;7.566999912;Ophiothela mirabilis;1403017;0.000104;32.22600174;8.173999786;29.80400085;2.21600008;0.167679474;1
116.7952;-20.4863;Ophiothela mirabilis;2612842;0.003226;35.59500122;8.274999619;27.25;8.104000092;0.129574388;1
145.466;-14.666;Ophiothela mirabilis;2361186;0.000338;35.02199936;8.411000252;26.77499962;5.481999874;0.088751875;1
127.7133331;26.43499947;Ophiothela mirabilis;586173;0.000106;34.44300079;8.241000175;25.25399971;7.732999802;0.007581446;1
99.973028;9.371198;Ophiothela mirabilis;1323840;0.006662;31.62100029;8.178999901;29.96299934;3.41899991;0.144496068;1
114.352;-21.6618;Ophiothela mirabilis;2663213;0.00125;35.08599854;8.282999992;25.61300087;5.794000149;0.278183311;1
116.8531;-20.5205;Ophiothela mirabilis;2616443;0.0067;35.61199951;8.276000023;26.89500046;9.276000023;0.146754801;1
132.063324;-11.17500019;Ophiothela mirabilis;2213425;0.007974;34.30400085;8.210000038;29.61599922;6.986999989;0.147062048;1
116.5148;-20.5095;Ophiothela mirabilis;2616439;0.002954;35.56800079;8.276000023;26.86199951;8.027999878;0.135268539;1
127.8483276;26.5;Ophiothela mirabilis;586175;0.002601;34.4640007;8.241999626;25.3390007;8.706999779;0.229014337;1
114.0142;-21.798;Ophiothela mirabilis;2670409;0.00059;35.05500031;8.284000397;25.62899971;5.331999779;0.278065175;1
152.15;-32.716;Ophiothela mirabilis;3142466;0.001619;35.42200089;8.319000244;20.57799911;8.390000343;0.509449005;1
-87.90000153;13.13749981;Ophiothela mirabilis;1159586;0.004249;33.49000168;8.140000343;29.90200043;3.523999929;0.526949108;1
151.27499;-33.8;Ophiothela mirabilis;3189256;0.000241;35.51200104;8.312999725;20.22500038;5.874000072;0.42668274;1
147.7;-18.966;Ophiothela mirabilis;2548413;0.002255;35.07600021;8.458999634;26.22900009;5.830999851;0.229441404;1
116.7781;-20.3866;Ophiothela mirabilis;2609242;0.003401;35.5870018;8.274000168;27.1989994;7.616000175;0.167333707;1
-82.60266876;4.008999825;Ophiothela mirabilis;1552049;0.000166;32.28300095;8.024999619;27.22500038;1.547000051;0.004361333;1
132.175;-11.2433;Ophiothela mirabilis;2213427;0.015451;34.30099869;8.211000443;29.26099968;6.452000141;0.146796867;1
31.58300018;-29.35000038;Ophiothela mirabilis;2997019;0.001388;35.43999863;8.236000061;23.11300087;5.386000156;0.296965241;1
153.266;-30.25;Ophiothela mirabilis;3038080;0.000203;35.41600037;8.326999664;22.83200073;5.644999981;0.238161385;1
116.6133;-20.489;Ophiothela mirabilis;2612840;0.003041;35.57500076;8.274999619;26.98800087;7.81099987;0.141664118;1
65.86699677;-21.35000038;Ophiothela mirabilis;2651831;5.60E-05;35.06299973;8.234999657;25.04400063;4.943999767;0.004361368;1
151.333;-23.833;Ophiothela mirabilis;2757256;0.01284;35.07500076;8.414999962;24.83799934;9.715999603;0.23240234;1
-44.2943;-23.1149;Ophiothela mirabilis;2726109;0.000327;35.45500183;8.067000389;25.24600029;5.822000027;0.013283134;1
116.9175;-20.4008;Ophiothela mirabilis;2609244;0.001441;35.59799957;8.274000168;26.91200066;7.647999763;0.167511925;1
122.92624;-12.24517;Ophiothela mirabilis;2256516;0.016035;34.50299835;8.213000298;29.10300064;4.565000057;0.020939931;1
153.15;-30.316;Ophiothela mirabilis;3038078;0.000437;35.39500046;8.328000069;22.09600067;5.890999794;0.446595043;1
-52.43;6.438333333;Ophiothela mirabilis;1448011;0.000777;31.55699921;8.166999817;28.26000023;2.155999899;0.009966357;1
113.6453;-22.4802;Ophiothela mirabilis;2699204;0.00012;35.06399918;8.291000366;25.19000053;5.356999874;0.098583691;1
145.35;-14.783;Ophiothela mirabilis;2368385;0.015934;35.02099991;8.411999702;26.81500053;6.276000023;0.097226486;1
145.664;-14.6641;Ophiothela mirabilis;2361188;0.002968;35.02099991;8.413000107;26.95400047;4.791999817;0.004370615;1
120.97222;13.52417;Ophiothela mirabilis;1144092;0.000147;33.8030014;8.199000359;28.5720005;4.05700016;0.004665953;1
127.8516693;26.39999962;Ophiothela mirabilis;589775;0.000782;34.45899963;8.241000175;25.23699951;8.720000267;0.223914549;1
148.716;-20.1;Ophiothela mirabilis;2598825;0.004861;35.10699844;8.460000038;25.7670002;7.063000202;0.249118969;1
98.38280556;7.745333333;Ophiothela mirabilis;1395821;0.00041;32.13499832;8.190999985;29.99200058;2.694000006;0.267321944;1
153.44166;-29.54166;Ophiothela mirabilis;3005682;0.000583;35.29000092;8.329999924;22.73399925;5.632999897;0.370212078;1
92.91699982;19.83300018;Ophiothela mirabilis;873756;0.001489;31.61499977;8.237000465;28.55599976;4.748000145;0.24647525;1
153.633;-28.616;Ophiothela mirabilis;2966084;0.000561;35.26399994;8.335000038;23.07299995;5.882999897;0.401980549;1
153.266;-30.2;Ophiothela mirabilis;3034480;0.000241;35.40200043;8.328000069;22.67900085;5.515999794;0.243209258;1
114.908;-20.9896;Ophiothela mirabilis;2634419;0.000133;35.14799881;8.277000427;26.43799973;5.948999882;0.278546065;1
134.31;-9.41803;Ophiothela mirabilis;2137852;0.000181;33.92599869;8.199999809;28.5359993;4.847000122;0.220887467;1
153.116;-26.616;Ophiothela mirabilis;2879678;0.000983;35.20100021;8.359000206;23.68700027;6.945000172;0.322532177;1
78.63333333;8.866666667;Ophiothela mirabilis;1345184;0.000366;34.11700058;8.102000237;28.875;3.210999966;0.019755334;1
153.216;-30.166;Ophiothela mirabilis;3030879;0.000545;35.375;8.328000069;22.2670002;5.486000061;0.446727753;1
136.67;-12.22;Ophiothela mirabilis;2256681;0.007915;34.88299942;8.206000328;28.8939991;6.573999882;0.177651271;1
152.5238333;-10.62783333;Ophiothela mirabilis;2188471;0.000118;34.79499817;8.340000153;28.73600006;3.244999886;0.004361332;1
153.183;-30.25;Ophiothela mirabilis;3038079;0.000551;35.40499878;8.328000069;22.33399963;5.497000217;0.360119462;1
119.2555;-17.2555;Ophiothela mirabilis;2476072;0.010275;34.875;8.248999596;28.51499939;5.157999992;0.006072984;1
116.843;-20.3523;Ophiothela mirabilis;2609243;0.001098;35.5929985;8.274000168;26.95000076;7.568999767;0.169756189;1
35.29999924;-24.7670002;Ophiothela mirabilis;2799064;0.000117;35.25099945;8.23900032;25.82999992;5.333000183;0.077341303;1
93.83333333;12;Ophiothela mirabilis;1212166;5.30E-05;32.32600021;8.197999954;29.13500023;3.029999971;0.004361334;1
71.21700287;18.45000076;Ophiothela mirabilis;931095;7.40E-05;35.35699844;8.06099987;28.18300056;3.138999939;0.406515837;1
147.533;-18.8;Ophiothela mirabilis;2541211;0.000778;35.07300186;8.458999634;26.38899994;5.745999813;0.227930069;1
79;8.5;Ophiothela mirabilis;1363189;0.000185;34.19200134;8.105999947;28.4489994;2.920000076;0.004361329;1
153.133;-26.683;Ophiothela mirabilis;2883278;0.001482;35.20199966;8.357999802;23.77499962;6.684000015;0.296416909;1
45.298332;-12.751667;Ophiothela mirabilis;2280784;0.001016;34.85400009;8.196000099;28.24399948;4.475999832;0.006872084;1
145.463;-14.6981;Ophiothela mirabilis;2364786;0.000844;35.02099991;8.411999702;26.79299927;5.850999832;0.090535223;1
130.83299;-12.3833;Ophiothela mirabilis;2263810;0.015958;34.51800156;8.218999863;29.42000008;6.751999855;0.134272769;1
158.284332;-19.4695;Ophiothela mirabilis;2570140;0.004977;35.10900116;8.331000328;25.9090004;4.392000198;0.008919886;1
114.892;-21.0317;Ophiothela mirabilis;2638019;0.00016;35.15100098;8.277999878;26.38500023;5.989999771;0.279086471;1
151.633;-33.166;Ophiothela mirabilis;3160460;0.000754;35.4679985;8.317000389;21.34300041;10.61400032;0.503478825;1
121.786;-15.0945;Ophiothela mirabilis;2382502;0.000162;34.76399994;8.229999542;28.93000031;4.221000195;0.321423352;1
92.816666;11.116667;Ophiothela mirabilis;1248154;8.50E-05;32.50600052;8.194000244;29.12599945;3.338000059;0.00436134;1
113.9039;-21.9733;Ophiothela mirabilis;2677607;0.001519;35.04999924;8.284999847;25.4260006;5.43599987;0.093143441;1
114.7345;-33.98185;Ophiothela mirabilis;3196017;8.00E-05;35.76599884;8.281000137;20.27799988;3.312000036;0.201078802;1
132.082;-11.065;Ophiothela mirabilis;2206225;0.006795;34.25799942;8.210000038;29.00200081;5.827000141;0.131607056;1
80.3;13.1;Ophiothela mirabilis;1161604;0.001278;32.9679985;8.012999535;28.73699951;3.09800005;0.167572454;1
116.4463;-20.6185;Ophiothela mirabilis;2620038;0.00398;35.55799866;8.276000023;26.80699921;8.659999847;0.147805423;1
92.6;11.5;Ophiothela mirabilis;1233752;0.000572;32.48899841;8.194999695;29.25;2.244999886;0.292742401;1
153.4;-29.933;Ophiothela mirabilis;3023681;0.000359;35.36600113;8.328000069;22.5909996;5.581999779;0.322259337;1
166.433;-22.266;Ophiothela mirabilis;2692638;0.0011;35.33800125;8.272999763;24.88899994;5.816999912;0.198330969;1
39.97;-3.37;Ophiothela mirabilis;1873920;0.000227;35.08100128;8.208000183;27.42200089;3.993999958;0.26237908;1
159.07166;-31.50333;Ophiothela mirabilis;3092149;0.000204;35.61899948;8.291999817;21.71299934;5.789000034;0.005794185;1
113.409;-24.0137;Ophiothela mirabilis;2767601;0.000487;35.26599884;8.30700016;23.92900085;4.859000206;0.145162359;1
116.5663;-20.6518;Ophiothela mirabilis;2620039;0.005441;35.57400131;8.276000023;26.86000061;9.170000076;0.146194369;1
31.7670002;-29.43300056;Ophiothela mirabilis;3000622;0.000421;35.44900131;8.234999657;23.85400009;5.539000034;0.11448402;1
43.3071;11.95947;Ophiothela mirabilis;1211560;0.000153;36.53300095;8.137999535;29.31200027;5.297999859;0.004361238;1
117.333;-20.4833;Ophiothela mirabilis;2612848;0.001668;35.61100006;8.274999619;26.90299988;8.371999741;0.128419042;1
86.53333333;19.78333333;Ophiothela mirabilis;873679;0.001173;28.63100052;8.175000191;28.06500053;4.802000046;0.005334462;1
161.018173;-20.548166;Ophiothela mirabilis;2616973;5.30E-05;35.29800034;8.289999962;25.49900055;4.93900013;0.281512409;1
162.3329926;11.35000038;Ophiothela mirabilis;1238188;0.000259;34.33499908;8.256999969;28.47699928;2.506000042;0.082569622;1
150.916;-23.583;Ophiothela mirabilis;2746451;0.051112;35.07300186;8.423999786;24.93000031;9.37899971;0.245558739;1
153.75;-28.866;Ophiothela mirabilis;2976886;8.90E-05;35.30099869;8.331999779;23.90299988;5.714000225;0.089803308;1
101.56925;12.55313889;Ophiothela mirabilis;1187059;0.00221;31.36000061;8.298000336;29.77099991;3.427999973;0.116937324;1
152.3355;-10.69533333;Ophiothela mirabilis;2192069;0.049224;34.80500031;8.345000267;28.67099953;3.244999886;0.004414857;1
145.27277;-14.85055;Ophiothela mirabilis;2371984;0.0048;35.02399826;8.411999702;26.79000092;6.723999977;0.099569939;1
130.817;-12.4167;Ophiothela mirabilis;2267410;0.013778;34.51599884;8.218999863;29.50900078;6.702000141;0.158157825;1
116.5698;-20.4626;Ophiothela mirabilis;2612839;0.001642;35.56100082;8.274999619;26.99399948;7.584000111;0.186359733;1
145.45;-14.816;Ophiothela mirabilis;2368386;0.000723;35.02099991;8.413000107;26.77899933;5.947999954;0.089924887;1
92.01666667;12;Ophiothela mirabilis;1212145;6.00E-05;32.51900101;8.194000244;29.09300041;2.963999987;0.004361367;1
90;15;Ophiothela mirabilis;1082521;6.00E-05;32.52500153;8.175000191;28.77400017;3.08100009;0.004361333;1
-79.51699829;8.967000008;Ophiothela mirabilis;1339686;0.004291;31.16600037;8.022000313;28.88999939;3.483999968;0.680863917;1
147.68407;-18.83482;Ophiothela mirabilis;2544813;0.001518;35.07300186;8.458999634;26.22100067;5.68200016;0.254133999;1
113.4867;-22.4666;Ophiothela mirabilis;2699202;7.50E-05;35.06399918;8.288999557;25.33699989;5.416999817;0.004356894;1
150.96055;-23.1761;Ophiothela mirabilis;2732052;0.00229;35.07699966;8.423999786;24.43199921;8.258999825;0.241196573;1
-63.263246;17.627686;Ophiothela mirabilis;965481;6.10E-05;35.36899948;8.199000359;27.80400085;3.270999908;0.004598334;1
-38.516667;-12.983333;Ophiothela mirabilis;2286978;0.002206;37.10200119;8.072999954;27.38800049;3.401000023;0.072961189;1
-113.505;29.093333;Ophiothela mirabilis;468078;0.000303;35.12900162;8.227000237;22.11300087;13.62800026;0.004377807;1
-113.491389;29.039444;Ophiothela mirabilis;471679;0.000331;35.11999893;8.227999687;22.04199982;13.59700012;0.00437779;1
-113.475161;28.96835;Ophiothela mirabilis;475279;0.000259;35.10900116;8.229000092;22.0890007;13.68900013;0.011384538;1
-113.506111;29.014722;Ophiothela mirabilis;471678;0.000243;35.11800003;8.227000237;21.74600029;13.15400028;0.428014666;1
-113.5075;28.992222;Ophiothela mirabilis;475278;0.000748;35.10800171;8.225999832;22.31999969;13.28600025;0.224704355;1
-96.555167;15.660783;Ophiothela mirabilis;1051482;0.00036;34.26100159;8.220000267;29.125;3.592999935;0.004361334;1
-95.57493;15.939306;Ophiothela mirabilis;1037094;0.00037;34.29499817;8.215000153;28.68000031;4.34100008;0.356712431;1
-99.870605;16.846758;Ophiothela mirabilis;997442;0.000877;34.22999954;8.236000061;30.02599907;6.126999855;0.318814635;1
-96.371869;15.670936;Ophiothela mirabilis;1047884;0.000301;34.27199936;8.218999863;28.79199982;6.329999924;0.318384886;1
-96.499242;15.657019;Ophiothela mirabilis;1051483;0.000328;34.26300049;8.220000267;29.05599976;3.730999947;0.004361335;1
-99.901944;16.735278;Ophiothela mirabilis;1004642;0.000753;34.21500015;8.234999657;29.44799995;3.829999924;0.004360985;1
-105.893389;21.855083;Ophiothela mirabilis;781370;0.00032;34.36700058;8.277000427;27.70100021;7.422999859;0.361366361;1
-87.075;5.525;Ophiothela mirabilis;1487196;9.40E-05;32.35599899;8.116000175;28.04100037;2.944000006;0.004361697;1
-103.463611;18.3125;Ophiothela mirabilis;936199;0.000588;34.28699875;8.251000404;28.56699944;4.994999886;0.004361335;1
-96.560083;-0.049367;Ophiothela mirabilis;1728282;0.000168;34.5719986;8.204999924;23.68099976;5.71600008;0.004361333;1
-98.776944;16.278056;Ophiothela mirabilis;1022655;0.000406;34.23899841;8.229999542;29.75699997;3.096999884;0.004360996;1
-105.583611;20.684722;Ophiothela mirabilis;831773;0.000483;34.2179985;8.269000053;27.36800003;6.907999992;0.004708217;1
-110.458333;24.591667;Ophiothela mirabilis;662515;0.000236;34.6590004;8.272999763;25.08499908;9.661999702;0.005057394;1
-110.408333;24.591667;Ophiothela mirabilis;662516;0.000205;34.66500092;8.274000168;25.35000038;9.637999535;0.004361313;1
-77.29309;4.0015;Ophiothela mirabilis;1552113;0.007529;30.11000061;7.962999821;29.03899956;1.629999995;0.447006732;1
-106.458333;23.225;Ophiothela mirabilis;723763;0.001423;34.68999863;8.284000397;26.72900009;8.869000435;0.294964224;1
-79.5;8.97;Ophiothela mirabilis;1339687;0.005603;31.11899948;8.022000313;28.83300018;3.510999918;0.059993766;1
125.235389;1.444017;Ophiothela mirabilis;1666143;9.40E-05;34.02099991;8.126999855;29.09799957;2.644000053;0.277850747;1
151.637918;-33.079678;Ophiothela mirabilis;3156860;0.000299;35.45399857;8.317000389;20.7329998;10.40999985;0.494084716;1
100.295575;-1.073948;Ophiothela mirabilis;1773844;0.000529;33.73300171;8.126000404;30.43300056;1.402999997;0.150099397;1
120.90945;13.692782;Ophiothela mirabilis;1136891;0.000156;33.7840004;8.197999954;28.6439991;3.724999905;0.005096298;1
103.837748;1.230814;Ophiothela mirabilis;1676687;0.007905;32.91699982;7.672999859;29.62100029;3.257999897;0.254845679;1
167.395966;-22.746166;Ophiothela mirabilis;2710649;0.002741;35.37200165;8.272000313;24.34600067;4.618999958;0.257417679;1
30.8178;-30.2672;Ophiothela mirabilis;3036610;0.000352;35.41500092;8.234999657;23.57600021;4.997000217;0.251624674;1
120.90129;13.65831;Ophiothela mirabilis;1140491;0.000149;33.78900146;8.199000359;28.52499962;3.621000051;0.004441901;1
40.3915;-22.31538;Ophiothela mirabilis;2691125;7.20E-05;35.16400146;8.222000122;26.7329998;5.228000164;0.004363261;1
40.29169;-22.40263;Ophiothela mirabilis;2694724;9.10E-05;35.16899872;8.222000122;26.67399979;5.160999775;0.004364458;1
-41.877584;-22.740636;Ophiothela mirabilis;2708138;0.0019;35.54700089;8.130999565;23.87299919;4.407000065;0.462553233;1
-41.904272;-22.755966;Ophiothela mirabilis;2711738;0.001979;35.60200119;8.131999969;23.68700027;4.222000122;0.299330086;1
-40.35;-20.666667;Ophiothela mirabilis;2621756;0.002057;36.33200073;8.045000076;24.15099907;3.312000036;0.208895966;1
178.460333;-18.8475;Ophiothela mirabilis;2545182;0.000377;34.90499878;8.270999908;27.21800041;4.228000164;0.007596919;1
178.538667;-18.706833;Ophiothela mirabilis;2537983;0.000299;34.85300064;8.270999908;27.09199905;4.146999836;0.005392714;1
123.3717;-11.9633;Ophiothela mirabilis;2245721;0.001798;34.45899963;8.211000443;29.10000038;4.632999897;0.020428173;1
125.6167;-13.9333;Ophiothela mirabilis;2332148;0.002598;34.68999863;8.220000267;29.13899994;5.249000072;0.176957235;1
125.4167;-14.3666;Ophiothela mirabilis;2350146;0.005717;34.78699875;8.220999718;29.30999947;5.768000126;0.124639459;1
125.2167;-14.2833;Ophiothela mirabilis;2346543;0.002495;34.75699997;8.220999718;29.27799988;4.68200016;0.196586803;1
105.5328;-10.5126;Ophiothela mirabilis;2184307;6.40E-05;34.15200043;8.211999893;27.90099907;3.653000116;0.004361342;1
152.066;-32.616;Ophiothela mirabilis;3138865;0.00205;35.40599823;8.319000244;21.51799965;13.82499981;0.514141679;1
121.8412;-13.9352;Ophiothela mirabilis;2332103;0.010172;34.50099945;8.223999977;29.25600052;4.936999798;0.029029708;1
120.75;21.816;Ophiothela mirabilis;787690;0.000215;34.18199921;8.220999718;27.12700081;5.237999916;0.007429928;1
118.45;-18.9;Ophiothela mirabilis;2544462;9.80E-05;35.1609993;8.26099968;27.99399948;6.001999855;0.226977885;1
119.3352;-17.2516;Ophiothela mirabilis;2476073;0.01369;34.88100052;8.248999596;28.49600029;5.03399992;0.00558062;1
119.45;-18.4666;Ophiothela mirabilis;2526474;8.60E-05;35.05799866;8.256999969;28.22299957;5.876999855;0.286086977;1
147.27;-9.53;Ophiothela mirabilis;2141608;0.000952;34.75299835;8.350000381;27.99799919;5.114999771;0.288527846;1
-79.53;8.78;Ophiothela mirabilis;1346886;0.001379;31.18000031;8.019000053;28.75099945;3.260999918;0.469854176;1
151.916;-23.45;Ophiothela mirabilis;2742863;0.032791998;35.11199951;8.409999847;24.75499916;6.462999821;0.21604754;1
125.616667;9.816667;Ophiothela mirabilis;1306148;0.000204;34.04600143;8.194999695;28.86000061;2.144000053;0.068897739;1
178.22;-17.3;Ophiothela mirabilis;2476779;0.003316;34.66600037;8.270000458;27.76600075;4.123000145;0.12983422;1
36.359339;-23.883161;Ophiothela mirabilis;2759477;6.80E-05;35.20700073;8.234999657;26.1439991;4.739999771;0.004372316;1
92.33;20.45;Ophiothela mirabilis;844948;0.003357;31.02000046;8.246999741;28.39599991;5.118999958;0.430611998;1
152.416;-21.716;Ophiothela mirabilis;2667269;0.005499;35.09999847;8.420000076;25.33799934;5.593999863;0.143523648;1
129.4317;-10.93833;Ophiothela mirabilis;2202594;0.00078;34.11199951;8.213000298;29.28700066;4.482999802;0.384425491;1
